{
    "device": "gpu_device_value",
    "batch_size": 64,
    "num_epochs": 5,
    "learning_rate": 0.001,
    "data_path": "data_path_value",
    "image_size": [
        640,
        640
    ],
    "root_output_path": "root_output_path_value",
    "save_total_limit": 3,
    "model_config": {
        "model_name": "model_name_value",
        "pretrained": true
    },
    "mean": [
        0.6057153344154358,
        0.6540960669517517,
        0.5557436943054199
    ],
    "std": [
        0.3198946416378021,
        0.29578715562820435,
        0.3516492545604706
    ],
    "model_path": "yolov8n.pt",
    "train_limit": 20,
    "test_limit": 20,
    "font_size": 1
}
